1,0.0,135.2,790,55.0,162,293,273,1210,13.5,0.6
1,0.0,81.4,760,57.0,164,757,752,1610,16.2,0.7
1,0.0,72.4,750,56.8,166,1013,1001,1610,16.2,0.7
1,0.0,57.2,791,57.0,167,1539,1525,1948,15.0,0.9
1,0.0,110.0,762,56.0,164,418,395,1331,15.2,0.6
1,0.0,72.8,776,56.0,167,986,967,1610,15.4,0.7
1,0.0,58.5,800,57.2,170,1780,1766,2142,15.8,1.0
1,0.0,101.9,728,56.2,164,474,453,1331,16.0,0.6
1,0.0,119.5,774,54.0,169,313,306,1210,14.3,0.6
1,0.0,90.0,787,55.1,165,718,694,1464,14.9,0.7
1,0.0,69.1,769,57.1,166,972,956,1610,14.3,0.7
1,0.0,131.8,674,54.0,160,269,223,1210,13.9,0.6
1,0.0,86.1,771,56.6,166,519,508,1331,15.3,0.6
1,0.0,45.6,780,57.2,172,2231,2219,2356,16.0,1.0
1,0.0,166.7,654,48.8,129,66,16,1000,2.3,0.5
1,0.0,91.4,667,56.3,165,603,572,1464,15.4,0.6
1,0.0,83.4,748,56.1,165,754,739,1464,16.6,0.7
1,0.0,114.6,769,55.8,166,315,299,1210,13.8,0.6
1,0.0,53.3,801,57.2,169,1515,1502,1948,15.9,0.8
1,0.0,188.0,643,51.7,135,106,65,1000,7.8,0.6
1,0.0,35.4,765,57.2,159,3427,2235,2850,15.9,0.9
1,0.0,22.8,796,57.2,170,14230,4411,5550,14.2,1.3
1,0.0,92.9,735,56.1,160,579,542,1464,15.5,0.6
1,0.0,44.8,806,57.0,167,2197,2181,2356,14.6,1.0
1,0.0,136.4,727,55.9,166,230,212,1100,15.3,0.6
1,0.0,71.0,796,56.8,170,1033,1023,1771,15.0,0.8
1,0.0,90.9,764,57.2,167,622,609,1464,15.0,0.7
1,0.0,47.2,802,57.2,170,2182,2175,2356,15.1,1.0
1,0.0,72.9,770,57.1,166,1047,1040,1771,15.1,0.8
1,0.0,52.2,751,57.0,153,1635,936,1948,14.8,0.7
1,0.0,110.8,786,56.7,157,451,440,1331,14.6,0.6
1,0.0,51.2,787,57.0,163,2022,2007,2142,14.5,0.9
1,0.0,119.9,802,55.1,162,332,323,1210,12.9,0.6
1,0.0,71.8,763,57.2,167,1017,1012,1771,14.1,0.8
1,0.0,105.9,765,56.9,168,401,377,1331,15.3,0.6
1,0.0,119.3,735,56.5,160,372,310,1210,16.0,0.6
1,0.0,73.2,761,56.0,162,936,927,1610,13.8,0.7
1,0.0,154.2,754,54.8,162,143,130,1100,10.7,0.6
1,0.0,85.3,773,56.8,173,710,701,1464,16.5,0.7
1,0.0,70.7,755,56.4,162,1071,1041,1771,15.8,0.7
1,0.0,46.2,808,57.0,168,2002,1986,2142,12.0,0.9
1,0.0,48.6,767,57.0,166,2208,2204,2356,15.7,1.0
1,0.0,119.3,777,56.7,163,312,309,1210,14.7,0.6
1,0.0,88.9,770,55.4,168,594,582,1464,14.3,0.6
1,0.0,49.3,763,57.2,161,1954,1945,2142,16.0,0.9
1,0.0,65.7,787,57.2,164,1136,1126,1771,16.3,0.8
1,0.0,106.7,784,55.8,163,410,393,1331,14.8,0.6
1,0.0,147.4,767,54.1,168,192,184,1100,12.8,0.6
1,0.0,60.8,763,57.2,167,1268,1259,1771,13.9,0.8
1,0.0,72.9,783,57.0,170,1027,1018,1771,14.5,0.7
1,0.0,197.4,775,45.8,164,83,62,1000,6.0,0.6
1,0.0,149.8,700,45.4,159,100,48,1000,6.6,0.6
1,0.0,107.0,781,55.5,166,481,478,1331,14.8,0.6
1,0.0,109.9,767,54.8,170,491,461,1331,16.1,0.6
1,0.0,186.8,783,48.1,169,101,96,1000,7.3,0.6
1,0.0,77.7,745,56.7,164,910,877,1610,16.9,0.7
1,0.0,67.8,790,57.2,164,1370,1365,1948,15.3,0.8
1,0.0,56.3,791,57.2,170,1524,1504,1948,15.3,0.8
1,0.0,99.8,806,52.2,167,529,518,1331,13.9,0.6
1,0.0,122.9,776,55.6,169,309,300,1210,14.8,0.6
1,0.0,50.9,817,57.0,165,1881,1874,2142,13.6,0.9
1,0.0,88.0,802,55.6,168,702,698,1464,15.1,0.7
1,0.0,48.9,754,57.2,162,2083,2068,2142,14.6,1.0
1,0.0,54.3,788,55.9,168,1769,1738,2142,14.8,0.8
1,0.0,40.5,802,57.2,164,3159,1762,2591,14.8,0.9
1,0.0,108.7,757,56.4,162,400,380,1331,14.5,0.6
1,0.0,34.8,785,57.2,165,3830,2639,2850,14.1,1.0
1,0.0,68.8,798,57.0,162,998,984,1610,13.9,0.7
1,0.0,71.5,758,57.1,155,930,907,1610,14.7,0.7
1,0.0,72.9,760,57.2,165,862,850,1610,16.8,0.7
1,0.0,113.8,731,56.9,164,372,366,1331,16.8,0.6
1,0.0,130.4,767,56.9,165,274,270,1210,14.7,0.6
1,0.0,113.8,747,55.6,163,433,424,1331,15.4,0.6
1,0.0,96.8,797,54.6,167,625,607,1464,13.2,0.7
1,0.0,130.6,755,54.7,159,286,279,1210,14.1,0.6
1,0.0,107.2,761,55.4,167,479,458,1331,14.9,0.6
1,0.0,70.2,791,57.1,168,1152,1144,1771,15.1,0.8
1,0.0,75.4,697,57.2,165,782,757,1610,14.9,0.7
1,0.0,76.0,779,56.0,164,929,923,1610,15.3,0.7
1,0.0,118.0,740,55.1,159,383,368,1331,14.9,0.6
1,0.0,92.5,735,57.0,168,607,595,1464,16.2,0.6
1,0.0,51.5,797,57.2,169,2011,2004,2142,15.0,1.0
1,0.0,68.7,802,56.6,168,1002,994,1610,13.8,0.7
1,0.0,50.0,745,57.2,164,1742,1665,2142,11.5,0.8
1,0.0,104.0,768,56.2,167,515,512,1331,16.0,0.6
1,0.0,84.3,708,56.6,165,577,558,1464,14.2,0.6
1,0.0,51.6,755,57.2,168,1908,1902,2142,16.8,0.9
1,0.0,54.0,755,56.8,168,1602,1594,1948,15.2,0.8
1,0.0,62.5,543,57.2,166,1256,647,1771,16.7,0.7
1,0.0,100.3,759,57.2,163,561,558,1464,15.5,0.7
1,0.0,126.1,780,50.7,164,291,276,1210,13.5,0.6
1,0.0,108.5,751,55.8,169,416,404,1331,13.5,0.6
1,0.0,56.4,810,57.0,167,1683,1674,1948,13.6,0.8
1,0.0,164.5,773,51.4,166,127,109,1100,10.3,0.6
1,0.0,51.3,773,56.8,161,1875,1833,2142,13.5,0.9
1,0.0,34.1,771,57.2,166,3708,2511,2850,16.3,1.0
1,0.0,122.9,762,52.8,163,299,280,1210,13.5,0.6
1,0.0,72.8,727,57.2,161,963,934,1610,15.8,0.7
1,0.0,49.9,710,57.2,166,1554,1524,1948,13.6,0.8
1,0.0,117.8,763,55.9,167,315,310,1210,13.9,0.6
1,0.0,38.3,761,57.2,167,2827,1621,2591,16.9,0.8
1,0.0,46.3,770,57.2,163,1994,915,2142,13.3,0.7
1,0.0,126.7,791,49.8,171,286,282,1210,12.4,0.6
1,0.0,62.0,780,57.2,167,1486,1479,1948,15.3,0.9
1,0.0,38.2,760,57.2,167,3796,2551,2850,12.1,1.0
1,0.0,53.1,819,56.8,165,1611,1597,1948,13.3,0.9
1,0.0,42.1,792,57.2,164,2435,1246,2356,14.1,0.8
1,0.0,148.3,763,52.9,165,164,147,1100,10.2,0.6
1,0.0,42.0,767,57.2,167,3007,1809,2591,15.7,0.9
1,0.0,35.4,781,57.2,165,3884,2685,2850,15.9,1.1
1,0.0,51.2,743,57.1,166,1685,1666,1948,15.6,0.8
1,0.0,110.9,732,56.8,165,397,369,1331,16.8,0.6
1,0.0,42.3,801,57.2,169,3002,1797,2591,15.2,0.9
1,0.0,65.2,766,57.2,167,1108,1093,1771,15.4,0.8
1,0.0,35.9,794,57.2,167,3889,2685,2850,15.7,1.1
1,0.0,114.3,739,56.5,166,436,419,1331,16.3,0.6
1,0.0,42.3,800,57.2,168,3102,1914,2591,14.4,0.9
1,0.0,108.1,741,56.1,162,460,429,1331,15.6,0.6
1,0.0,34.9,787,57.2,163,4533,1912,3135,15.5,0.9
1,0.0,56.1,786,57.2,163,1683,1679,1948,14.7,0.9
1,0.0,54.8,760,57.2,164,1583,1577,1948,15.4,0.8
1,0.0,128.4,746,56.1,163,313,283,1210,14.9,0.6
1,0.0,50.0,760,57.2,166,1940,1937,2142,15.2,0.9
1,0.0,54.2,774,57.2,166,1638,1633,1948,15.4,0.8
1,0.0,78.3,759,56.4,159,562,542,1464,15.4,0.6
1,0.0,60.6,787,57.2,169,1260,1255,1771,15.5,0.8
1,0.0,26.3,802,57.2,168,14880,3593,5550,15.4,1.2
1,0.0,44.1,773,57.2,170,2464,1246,2356,16.3,0.8
1,0.0,67.9,808,57.0,167,1111,1107,1771,14.0,0.7
1,0.0,74.9,743,56.2,155,943,918,1610,15.7,0.7
1,0.0,76.2,729,57.2,160,836,804,1610,15.8,0.7
1,0.0,69.3,764,57.2,167,1109,1098,1771,16.1,0.8
1,0.0,33.1,787,57.2,172,4549,1920,3135,14.4,0.9
1,0.0,132.7,765,48.5,168,258,246,1210,13.9,0.6
1,0.0,52.5,758,56.6,163,1587,1560,1948,14.7,0.8
1,0.0,40.7,776,57.2,164,2776,1584,2591,15.3,0.8
1,0.0,53.7,769,57.2,162,1752,1747,2142,15.4,0.9
1,0.0,48.1,772,56.9,160,1974,911,2142,14.1,0.7
1,0.0,51.5,794,57.2,165,1927,1897,2142,14.4,0.9
1,0.0,137.6,774,47.5,160,237,222,1210,11.8,0.6
1,0.0,169.8,723,46.2,164,58,26,1000,4.2,0.6
1,0.0,102.0,754,55.2,165,437,418,1331,14.2,0.6
1,0.0,37.8,796,57.2,170,3469,2272,2850,14.7,1.0
1,0.0,36.5,787,57.2,172,3557,2371,2850,14.6,1.0
1,0.0,35.0,825,57.2,171,3950,2747,2850,14.3,1.1
1,0.0,37.1,762,57.2,166,3426,2229,2850,12.4,1.0
1,0.0,54.7,790,57.2,163,1509,1491,1948,15.9,0.8
1,0.0,126.9,756,53.6,159,264,256,1210,12.4,0.6
1,0.0,113.2,735,56.4,157,423,400,1331,15.1,0.6
1,0.0,22.4,833,57.2,170,19555,5490,6105,14.2,1.6
1,0.0,111.0,789,54.1,163,332,329,1210,13.5,0.6
1,0.0,100.3,741,57.0,167,547,532,1331,16.2,0.6
1,0.0,102.5,740,55.8,165,453,444,1331,16.4,0.6
1,0.0,58.2,779,57.2,169,1592,1558,1948,14.9,0.9
1,0.0,113.0,756,55.8,163,243,230,1210,14.3,0.6
1,0.0,62.2,736,57.2,167,1186,1170,1771,15.6,0.8
1,0.0,135.9,770,55.8,165,216,195,1100,12.2,0.6
1,0.0,108.8,747,56.7,163,417,411,1331,16.4,0.6
1,0.0,54.5,768,57.2,166,1488,1475,1948,15.0,0.8
1,0.0,54.4,797,56.9,167,1558,1550,1948,14.2,0.9
1,0.0,190.1,716,46.8,154,50,28,1000,3.7,0.6
1,0.0,97.7,774,56.0,168,571,551,1464,15.8,0.6
1,0.0,72.2,773,54.1,160,891,877,1610,13.7,0.7
1,0.0,144.0,730,53.8,166,220,193,1100,13.9,0.6
1,0.0,49.7,779,56.8,165,1881,1828,2142,13.7,0.9
1,0.0,87.1,759,57.0,162,646,642,1464,15.4,0.7
1,0.0,93.0,751,56.8,163,572,564,1464,15.9,0.6
1,0.0,189.0,597,57.1,116,151,50,1000,6.3,0.6
1,0.0,61.0,757,56.9,138,1312,1302,1771,13.6,0.8
1,0.0,82.8,752,56.7,163,686,679,1464,16.2,0.7
1,0.0,58.3,737,57.2,159,1354,638,1948,16.5,0.7
1,0.0,130.6,769,54.5,164,265,249,1210,13.5,0.6
1,0.0,39.4,761,57.2,167,3114,1916,2591,14.5,0.9
1,0.0,128.3,779,55.7,170,279,276,1210,14.6,0.6
1,0.0,46.5,787,57.2,170,2372,2369,2356,17.4,1.0
1,0.0,94.7,740,57.2,166,611,577,1464,16.7,0.7
1,0.0,80.6,796,56.4,166,569,550,1464,14.5,0.6
1,0.0,75.4,791,56.6,169,956,940,1610,14.9,0.7
1,0.0,72.0,797,57.2,167,1216,1192,1771,14.1,0.8
1,0.0,40.3,798,57.2,169,3011,1802,2591,15.7,0.9
1,0.0,44.7,780,57.2,165,2316,2312,2356,15.3,1.0
1,0.0,28.7,768,57.2,164,5499,2883,3448,13.0,1.0
1,0.0,29.2,762,57.2,164,5387,2221,3448,15.4,1.0
1,0.0,133.6,763,54.4,158,239,228,1210,14.0,0.6
1,0.0,30.6,797,57.2,169,6497,2148,3792,15.1,0.9
1,0.0,64.8,751,57.1,159,1070,1056,1771,15.5,0.7
1,0.0,46.6,783,56.7,166,1913,1896,2142,14.4,0.9
1,0.0,57.5,801,57.0,168,1425,1412,1948,13.5,0.8
1,0.0,114.4,763,54.5,166,158,151,1100,11.0,0.6
1,0.0,56.3,813,57.2,164,1494,1469,1948,12.3,0.8
1,0.0,202.5,748,37.3,165,17,14,1000,1.6,0.5
1,0.0,36.8,762,57.2,163,3783,2567,2850,17.0,1.0
1,0.0,59.6,769,57.0,162,1385,1369,1948,14.2,0.8
1,0.0,80.8,761,57.2,161,810,805,1610,15.9,0.7
1,0.0,32.5,793,57.2,170,4247,1625,3135,16.8,0.8
1,0.0,104.1,779,56.0,162,393,376,1331,13.5,0.6
1,0.0,62.1,766,57.2,165,1212,1196,1771,14.5,0.8
1,0.0,93.4,756,57.0,160,516,500,1331,15.2,0.6
1,0.0,105.1,781,57.2,165,443,438,1331,13.8,0.6
1,0.0,135.1,727,54.1,170,222,198,1100,13.4,0.6
1,0.0,70.0,767,57.2,165,1093,1078,1771,15.7,0.7
1,0.0,39.4,812,57.2,166,2835,1645,2591,14.3,0.8
1,0.0,93.5,779,56.6,168,616,611,1464,14.7,0.7
1,0.0,55.0,800,56.9,167,1667,1625,1948,13.5,0.8
1,0.0,70.3,769,57.2,164,1170,1143,1771,14.0,0.7
1,0.0,54.7,794,57.2,169,1867,1849,2142,14.1,0.9
1,0.0,60.9,779,57.2,163,1465,1454,1948,16.4,0.8
1,0.0,82.7,699,56.2,168,756,732,1464,16.1,0.7
1,0.0,101.4,776,56.9,166,517,509,1331,15.0,0.6
1,0.0,85.8,770,57.1,163,713,710,1464,13.7,0.7
1,0.0,78.2,774,57.2,169,875,867,1610,14.9,0.7
1,0.0,99.0,760,56.7,164,507,490,1331,13.5,0.6
1,0.0,61.8,717,57.2,159,1166,502,1771,15.9,0.6
1,0.0,192.5,680,48.6,152,55,14,1000,2.4,0.5
1,0.0,160.7,766,55.0,164,141,120,1100,11.1,0.6
1,0.0,57.1,764,57.2,167,1531,1521,1948,16.4,0.9
1,0.0,63.3,744,57.2,168,1176,1150,1771,12.7,0.8
1,0.0,74.8,645,57.1,148,800,784,1610,15.7,0.7
1,0.0,28.3,782,57.2,166,6066,2438,3448,13.7,1.0
1,0.0,106.8,762,57.0,156,489,486,1331,14.8,0.6
1,0.0,38.4,804,57.2,166,3637,2099,2850,13.4,0.9
1,0.0,34.3,779,57.2,168,3379,2174,2850,14.7,0.9
1,0.0,50.2,778,57.0,163,1663,1634,1948,14.7,0.8
1,0.0,28.7,778,57.2,166,7303,2951,3792,13.3,1.1
1,0.0,50.5,792,57.1,169,1820,1810,2142,13.2,0.9
1,0.0,123.3,723,56.5,154,363,338,1210,15.4,0.6
1,0.0,43.7,769,57.2,165,2886,1699,2591,16.1,0.8
1,0.0,29.3,803,57.2,169,8355,3991,4171,14.5,1.3
1,0.0,50.0,781,57.2,165,1980,1977,2142,15.5,0.9
1,0.0,135.1,776,56.5,165,281,274,1210,13.6,0.6
1,0.0,124.3,751,53.7,169,324,307,1210,14.3,0.6
1,0.0,76.4,786,56.8,170,822,801,1610,15.4,0.7
1,0.0,136.4,795,51.5,162,225,220,1210,11.8,0.6
1,0.0,76.5,811,56.2,167,804,795,1610,14.1,0.7
1,0.0,71.8,806,56.6,162,1007,1000,1610,13.5,0.7
1,0.0,101.8,788,54.5,163,433,426,1331,14.9,0.6
1,0.0,70.0,740,56.6,166,992,975,1610,14.4,0.7
1,0.0,109.1,759,56.3,163,406,394,1331,15.4,0.6
1,0.0,37.3,801,57.2,168,3435,2243,2850,14.8,0.9
1,0.0,77.2,795,56.6,162,778,764,1610,13.5,0.7
1,0.0,35.0,790,57.2,164,4169,1553,3135,15.1,0.8
1,0.0,196.5,689,55.0,153,72,51,1000,7.3,0.6
1,0.0,187.2,711,53.5,149,105,77,1000,7.7,0.6
1,0.0,60.6,781,57.0,168,1225,1194,1771,14.1,0.8
1,0.0,129.2,753,52.8,166,307,286,1210,13.6,0.6
1,0.0,62.9,747,57.2,165,1253,1242,1771,16.6,0.8
1,0.0,63.6,788,57.1,166,1322,1305,1948,15.1,0.8
1,0.0,86.7,727,57.0,144,697,680,1464,15.5,0.7
1,0.0,91.6,792,52.8,163,697,687,1464,13.8,0.7
1,0.0,78.3,753,57.2,161,814,802,1610,15.2,0.7
1,0.0,113.8,742,56.0,164,401,388,1331,15.0,0.6
1,0.0,106.7,773,56.6,160,400,379,1331,13.5,0.6
1,0.0,71.7,757,57.0,167,921,898,1610,15.8,0.7
1,0.0,86.6,734,57.0,160,744,728,1464,16.8,0.7
1,0.0,136.5,763,46.8,168,232,222,1210,12.7,0.6
1,0.0,73.8,743,56.3,165,943,925,1610,15.0,0.7
1,0.0,138.9,767,54.6,165,220,207,1100,11.1,0.6
1,0.0,71.3,770,57.0,168,970,953,1610,15.5,0.7
1,0.0,110.5,768,56.3,168,446,433,1331,16.3,0.6
1,0.0,85.2,759,56.1,167,690,660,1464,15.3,0.7
1,0.0,28.4,774,57.2,160,5655,1957,3448,14.5,0.9
1,0.0,71.9,796,56.2,168,1075,1069,1771,13.6,0.7
1,0.0,73.6,763,57.2,163,918,903,1610,15.5,0.7
1,0.0,128.8,722,54.7,145,305,280,1210,13.7,0.6
1,0.0,105.7,792,53.6,164,400,388,1331,13.1,0.6
1,0.0,73.8,759,56.9,158,937,908,1610,15.2,0.7
1,0.0,29.8,827,57.2,170,7185,2829,3792,14.5,1.0
1,0.0,91.5,715,57.2,153,722,695,1464,15.5,0.6
1,0.0,52.1,764,57.0,166,1644,1637,1948,15.8,0.8
1,0.0,102.2,748,55.1,162,330,313,1210,14.1,0.6
1,0.0,99.5,767,56.8,165,595,578,1464,15.8,0.7
1,0.0,41.3,799,57.2,169,3992,2802,2850,14.0,1.0
1,0.0,189.5,755,47.7,162,66,64,1000,5.7,0.6
1,0.0,80.2,797,57.2,170,987,976,1610,14.0,0.8
1,0.0,67.2,790,57.0,172,1275,1266,1771,14.9,0.8
1,0.0,91.3,740,56.9,158,742,716,1464,15.1,0.7
1,0.0,87.1,703,55.0,162,719,693,1464,13.8,0.7
1,0.0,66.6,789,57.0,166,1232,1222,1771,13.3,0.8
1,0.0,50.2,774,57.2,166,2004,1985,2142,15.6,0.9
1,0.0,55.3,735,57.2,163,1525,1488,1948,14.5,0.8
1,0.0,73.6,796,56.2,162,1040,1025,1771,13.9,0.7
1,0.0,39.1,790,57.2,165,3310,2117,2591,15.2,0.9
1,0.0,75.6,755,55.8,164,900,889,1610,15.2,0.7
1,0.0,65.0,762,57.2,169,1315,1312,1771,14.9,0.8
1,0.0,46.4,763,57.2,166,2306,2287,2356,11.6,1.0
1,0.0,51.2,811,56.9,168,1712,1706,2142,13.9,0.9
1,0.0,64.2,775,56.5,160,1424,1413,1948,14.1,0.8
1,0.0,62.1,676,57.2,140,1240,334,1771,16.6,0.6
1,0.0,54.6,762,56.4,158,1627,1585,1948,14.4,0.8
1,0.0,47.4,762,57.2,165,1998,1986,2142,17.2,0.9
1,0.0,52.8,785,57.2,171,1819,1815,2142,15.9,0.9
1,0.0,102.2,741,55.9,167,565,546,1464,14.1,0.6
1,0.0,94.3,744,54.7,166,485,464,1331,14.5,0.6
1,0.0,120.0,783,55.2,165,332,320,1210,14.0,0.6
1,0.0,58.9,765,56.9,165,1495,1431,1948,14.8,0.8
1,0.0,86.0,816,56.9,167,678,668,1464,13.5,0.7
1,0.0,66.3,775,57.2,169,1240,1215,1771,15.8,0.8
1,0.0,138.2,742,56.1,156,226,215,1100,12.7,0.6
1,0.0,30.1,780,57.2,168,6441,2034,3792,15.6,0.9
1,0.0,43.6,796,57.2,162,2736,1548,2591,14.4,0.8
1,0.0,157.3,751,49.6,161,142,135,1100,10.1,0.6
1,0.0,141.5,747,53.3,163,227,213,1100,13.3,0.6
1,0.0,45.7,815,57.0,168,2340,2328,2356,13.9,1.0
1,0.0,68.4,790,56.3,166,1207,1192,1771,13.2,0.8
1,0.0,51.6,764,56.8,158,1704,1110,2142,13.4,0.7
1,0.0,73.6,771,57.2,163,1151,1124,1771,16.3,0.7
1,0.0,35.3,783,57.2,168,3768,2557,2850,14.8,1.0
1,0.0,127.7,746,56.4,166,311,277,1210,15.9,0.6
1,0.0,54.0,788,56.9,169,1746,1738,2142,15.5,0.9
1,0.0,98.6,773,55.2,166,552,539,1464,15.5,0.6
1,0.0,75.2,761,57.0,167,932,920,1610,15.6,0.7
1,0.0,75.8,771,55.7,162,988,971,1610,14.4,0.7
1,0.0,59.8,803,57.2,167,1618,1610,1948,15.4,0.9
1,0.0,62.1,800,56.9,169,1381,1364,1948,12.8,0.8
1,0.0,47.3,787,57.2,169,2110,2079,2142,16.0,1.0
1,0.0,114.1,706,56.3,146,391,378,1331,15.8,0.6
1,0.0,35.3,784,57.2,168,4033,2787,2850,15.0,1.1
1,0.0,188.9,761,48.7,165,93,78,1000,7.4,0.6
1,0.0,70.0,780,56.7,163,1516,914,1948,14.6,0.7
1,0.0,75.8,730,57.1,153,842,834,1610,15.9,0.7
1,0.0,64.0,784,57.2,165,1319,1308,1771,15.6,0.8
1,0.0,53.0,810,56.6,166,1682,1654,1948,14.5,0.8
1,0.0,144.1,765,54.6,160,214,190,1100,12.3,0.6
1,0.0,112.0,739,55.2,162,340,322,1210,15.4,0.6
1,0.0,62.9,784,57.2,165,1332,1292,1948,13.8,0.8
1,0.0,125.8,767,55.1,164,278,266,1210,14.3,0.6
1,0.0,133.8,704,53.7,168,255,231,1210,13.6,0.6
1,0.0,42.9,788,57.2,171,3109,1901,2591,16.9,0.9
1,0.0,111.7,737,56.1,164,410,403,1331,16.2,0.6
1,0.0,60.8,750,56.6,159,1464,897,1948,15.0,0.7
1,0.0,95.7,758,56.3,166,489,470,1331,14.5,0.6
1,0.0,76.1,821,56.8,166,867,858,1610,14.2,0.7
1,0.0,41.2,739,57.2,165,2692,1316,2356,15.9,0.8
1,0.0,121.2,765,55.8,168,395,394,1331,14.4,0.6
1,0.0,35.6,797,57.2,168,4363,1713,3135,14.7,0.8
1,0.0,62.6,774,57.1,161,1294,723,1771,14.6,0.7
1,0.0,95.8,738,56.5,159,609,598,1464,15.6,0.6
1,0.0,38.6,778,57.2,171,3409,2218,2850,17.1,1.0
1,0.0,77.1,770,57.0,167,989,951,1610,17.0,0.7
1,0.0,200.1,737,41.8,162,40,12,1000,2.2,0.5
1,0.0,160.6,762,47.9,167,69,59,1000,5.8,0.6
1,0.0,45.2,791,57.0,170,2385,1197,2356,14.8,0.8
1,0.0,167.4,783,54.5,164,142,141,1100,10.5,0.6
1,0.0,108.3,743,56.1,149,439,420,1331,13.7,0.6
1,0.0,101.3,786,55.8,165,509,497,1331,14.5,0.6
1,0.0,122.7,768,56.4,165,351,335,1210,13.5,0.6
1,0.0,46.1,769,57.2,165,2277,2274,2356,15.0,1.0
1,0.0,35.6,787,57.2,168,3508,2295,2850,14.9,1.0
1,0.0,78.7,745,57.0,140,873,864,1610,14.3,0.7
1,0.0,64.3,773,57.2,168,1278,1273,1771,15.2,0.8
1,0.0,74.0,771,57.2,168,1156,1146,1771,14.9,0.8
1,0.0,84.5,757,56.8,158,860,857,1610,14.6,0.7
1,0.0,43.2,762,57.2,160,3196,2008,2591,15.0,1.0
1,0.0,133.0,740,54.5,160,259,229,1210,13.8,0.6
1,0.0,120.9,783,55.5,168,343,330,1210,13.9,0.6
1,0.0,48.3,744,57.2,164,2061,2058,2142,13.8,0.9
1,0.0,112.8,723,57.0,162,468,439,1331,16.5,0.6
1,0.0,28.9,796,57.2,169,5131,2124,3448,13.6,0.9
1,0.0,78.2,752,57.1,168,990,965,1610,16.0,0.7
1,0.0,46.1,794,57.2,170,2387,1190,2356,14.8,0.8
1,0.0,77.5,759,57.0,167,902,876,1610,16.6,0.7
1,0.0,118.9,782,55.5,170,349,342,1210,14.1,0.6
1,0.0,98.6,745,53.1,165,488,482,1331,15.2,0.6
1,0.0,100.7,720,56.6,163,482,467,1331,15.8,0.6
1,0.0,75.1,798,56.1,169,1011,1005,1610,14.6,0.7
1,0.0,80.7,784,57.2,169,929,925,1610,16.8,0.8
1,0.0,100.5,797,56.1,168,536,525,1331,15.5,0.7
1,0.0,75.9,795,57.1,168,985,969,1610,14.3,0.7
1,0.0,197.8,765,44.9,159,58,35,1000,3.7,0.6
1,0.0,65.8,798,56.6,170,1354,1346,1948,14.4,0.8
1,0.0,96.1,741,56.8,165,531,520,1331,16.7,0.6
1,0.0,138.8,705,56.6,158,243,213,1100,14.5,0.6
1,0.0,88.4,761,56.6,162,682,674,1464,15.6,0.7
1,0.0,110.1,753,56.6,169,506,499,1331,14.7,0.6
1,0.0,61.3,757,56.9,167,1398,1391,1948,15.7,0.8
1,0.0,104.6,733,57.0,165,519,506,1331,16.6,0.6
1,0.0,158.4,766,51.9,169,131,128,1100,10.3,0.6
1,0.0,126.5,778,52.5,166,221,205,1100,11.0,0.6
1,0.0,93.6,765,56.6,163,640,624,1464,15.3,0.7
1,0.0,90.7,727,56.7,166,634,605,1464,15.4,0.6
1,0.0,129.8,772,51.8,166,283,276,1210,13.7,0.6
1,0.0,103.4,761,56.6,166,594,577,1464,15.2,0.6
1,0.0,110.7,739,56.2,158,418,385,1331,15.1,0.6
1,0.0,71.3,761,57.2,160,1146,1135,1771,16.1,0.7
1,0.0,78.1,789,55.1,171,885,878,1610,14.7,0.7
1,0.0,132.2,776,52.6,164,255,245,1210,12.9,0.6
1,0.0,34.9,845,57.2,168,5745,3121,3448,13.1,1.2
1,0.0,108.2,746,56.4,160,477,469,1331,14.0,0.6
1,0.0,67.6,775,57.2,161,1107,1099,1771,14.4,0.8
1,0.0,49.4,801,56.6,164,2118,2105,2142,14.2,0.9
1,0.0,205.5,410,57.2,0,72,0,1000,0.0,0.5
1,0.0,82.5,731,56.8,172,753,748,1464,15.1,0.7
1,0.0,75.1,774,55.4,170,906,885,1610,14.6,0.7
1,0.0,100.5,695,54.6,161,440,423,1331,15.3,0.6
1,0.0,69.6,769,57.2,165,1020,1012,1771,16.0,0.7
1,0.0,125.3,758,55.4,163,302,278,1210,13.6,0.6
1,0.0,81.1,794,56.6,167,965,960,1610,14.5,0.7
1,0.0,77.4,754,56.9,163,967,953,1610,14.3,0.7
1,0.0,73.6,814,56.5,168,939,922,1610,13.9,0.7
1,0.0,82.2,752,57.0,163,720,717,1464,15.3,0.7
1,0.0,87.9,771,55.1,167,764,757,1610,15.3,0.7
1,0.0,66.3,770,56.3,164,1141,1122,1771,14.5,0.7
1,0.0,137.1,736,53.2,159,256,234,1210,14.7,0.6
1,0.0,123.6,702,56.0,155,281,254,1210,13.6,0.6
1,0.0,79.0,810,57.0,167,1128,1125,1771,14.7,0.8
1,0.0,78.5,758,57.2,161,802,789,1610,13.4,0.7
1,0.0,91.4,750,55.7,169,642,635,1464,15.6,0.6
1,0.0,126.1,737,55.2,156,339,317,1210,14.5,0.6
1,0.0,45.1,782,57.0,166,2512,1322,2356,15.0,0.8
1,0.0,52.0,789,57.2,166,2125,2111,2142,14.7,0.9
1,0.0,95.1,756,55.8,162,693,681,1464,15.4,0.6
1,0.0,97.4,728,57.2,167,572,561,1464,15.6,0.6
1,0.0,97.1,755,56.8,166,541,523,1331,16.9,0.7
1,0.0,52.8,784,56.8,164,1821,1817,2142,14.1,0.9
1,0.0,75.1,776,57.0,164,973,967,1610,14.5,0.7
1,0.0,86.8,770,56.8,166,671,655,1464,15.8,0.7
1,0.0,116.4,764,53.4,159,413,407,1331,14.5,0.6
1,0.0,145.8,776,54.3,167,229,228,1210,13.4,0.6
1,0.0,114.7,756,50.9,167,265,253,1210,12.7,0.6
1,0.0,80.4,770,56.4,164,838,818,1610,13.6,0.7
1,0.0,44.6,783,57.2,171,2907,1719,2591,15.5,0.9
1,0.0,85.6,762,57.0,171,776,760,1610,16.6,0.7
1,0.0,37.5,778,57.2,159,3740,2549,2850,14.5,1.0
1,0.0,86.6,789,55.6,169,692,675,1464,13.9,0.7
1,0.0,132.9,659,56.6,144,229,220,1210,14.8,0.6
1,0.0,210.1,752,44.6,162,38,27,1000,3.6,0.5
1,0.0,55.2,778,56.8,166,1730,1716,2142,14.8,0.9
1,0.0,83.3,796,55.2,169,772,767,1610,14.1,0.7
1,0.0,62.7,776,57.2,167,1580,1579,1948,16.1,0.9
1,0.0,119.1,740,54.4,164,404,385,1331,14.0,0.6
1,0.0,115.6,777,53.7,169,429,426,1331,14.8,0.6
1,0.0,91.6,779,56.2,167,558,547,1464,14.4,0.6
1,0.0,47.1,762,57.2,165,2062,1984,2142,16.0,0.9
1,0.0,45.1,802,57.2,167,2908,1723,2591,15.7,0.9
1,0.0,191.6,771,43.2,166,45,31,1000,3.8,0.6
1,0.0,155.2,778,50.5,166,160,149,1100,11.0,0.6
1,0.0,101.0,736,56.2,167,568,537,1464,15.5,0.6
1,0.0,96.5,753,56.4,168,696,689,1464,14.6,0.7
1,0.0,91.8,787,56.8,169,737,728,1464,14.6,0.7
1,0.0,104.8,753,55.6,169,516,511,1331,16.9,0.6
1,0.0,194.5,767,42.5,169,73,60,1000,6.5,0.6
1,0.0,113.2,740,56.3,163,410,392,1331,15.5,0.6
1,0.0,92.6,777,56.0,166,669,657,1464,14.6,0.7
1,0.0,138.9,754,53.1,165,253,229,1210,13.2,0.6
1,0.0,45.8,796,57.0,164,2484,1291,2356,14.5,0.8
1,0.0,57.8,785,57.2,165,1630,1624,1948,14.1,0.8
1,0.0,64.1,703,57.2,137,1065,1052,1771,13.3,0.7
1,0.0,74.1,738,57.0,163,979,944,1610,16.4,0.7
1,0.0,64.5,719,57.2,159,1104,1069,1771,14.7,0.7
1,0.0,51.5,778,57.2,166,1925,1921,2142,15.7,1.0
1,0.0,65.1,774,57.1,167,1250,1233,1771,15.5,0.8
1,0.0,110.8,740,56.3,164,368,346,1210,15.4,0.6
1,0.0,67.0,761,57.2,168,1216,1194,1771,15.4,0.8
1,0.0,183.5,746,52.3,166,117,89,1000,7.4,0.6
1,0.0,100.5,777,56.8,164,668,663,1464,14.0,0.7
1,0.0,79.2,780,56.1,167,966,963,1610,14.8,0.7
1,0.0,73.5,764,57.2,159,1052,1017,1771,15.9,0.8
1,0.0,59.0,755,56.9,162,1313,576,1771,14.9,0.6
1,0.0,56.4,762,57.2,168,1656,1613,1948,14.5,0.8
1,0.0,155.3,739,52.3,161,214,202,1100,13.7,0.6
1,0.0,205.5,752,49.7,164,62,53,1000,6.1,0.6
1,0.0,127.9,679,54.2,162,385,357,1331,14.7,0.6
1,0.0,75.9,795,56.9,170,959,958,1610,15.1,0.8
1,0.0,44.4,821,57.2,172,2744,1559,2591,13.4,0.9
1,0.0,117.4,767,56.4,167,426,420,1331,15.2,0.6
1,0.0,146.2,776,51.4,166,188,188,1100,12.5,0.6
1,0.0,49.7,805,57.0,168,2436,1232,2356,13.1,0.8
1,0.0,85.1,788,56.8,161,896,882,1610,14.0,0.7
1,0.0,94.9,778,56.3,167,671,660,1464,13.6,0.7
1,0.0,138.6,737,54.6,162,278,269,1210,15.0,0.6
1,0.0,196.6,739,51.3,141,60,54,1000,5.7,0.6
1,0.0,41.5,705,57.2,159,2867,909,2591,16.4,0.7
1,0.0,98.9,724,56.3,134,551,535,1464,14.4,0.6
1,0.0,185.3,711,55.1,157,110,87,1000,8.5,0.6
1,0.0,195.6,639,54.3,119,78,45,1000,5.5,0.6
1,0.0,54.5,765,57.0,168,1865,1855,2142,14.8,0.9
1,0.0,69.7,680,56.9,136,1155,439,1771,14.7,0.6
1,0.0,103.6,786,55.1,168,679,674,1464,14.4,0.7
1,0.0,141.0,750,52.5,164,284,256,1210,14.0,0.6
1,0.0,91.4,773,56.2,166,573,558,1464,13.4,0.6
1,0.0,72.0,756,55.6,167,1077,1052,1771,14.8,0.7
1,0.0,164.9,758,47.8,160,152,142,1100,10.7,0.6
1,0.0,104.6,737,56.4,154,613,591,1464,14.2,0.6
1,0.0,134.6,686,55.6,136,244,227,1210,12.8,0.6
1,0.0,42.5,783,57.2,169,2216,2181,2356,14.9,1.0
1,0.0,41.9,775,57.2,166,2806,1497,2591,16.0,0.8
1,0.0,92.0,702,56.2,143,628,609,1464,16.0,0.6
1,0.0,82.5,799,56.5,171,906,895,1610,15.5,0.7
1,0.0,43.0,776,57.2,170,2916,1692,2591,15.2,0.8
1,0.0,79.8,797,57.0,169,1169,1166,1771,13.8,0.8
1,0.0,175.8,752,44.8,163,116,108,1100,9.0,0.6
1,0.0,71.8,736,57.2,156,1029,988,1610,14.9,0.7
1,0.0,34.4,778,57.2,165,4125,1508,2850,15.8,0.8
1,0.0,46.3,778,57.2,166,2194,2193,2356,16.0,1.0
1,0.0,42.8,785,57.2,170,2448,1232,2356,15.5,0.8
1,0.0,51.5,790,57.2,171,2148,2148,2356,15.3,1.0
1,0.0,61.5,788,57.2,170,1567,1561,1948,14.8,0.8
1,0.0,60.1,711,56.8,158,1332,716,1948,14.8,0.7
1,0.0,96.3,770,57.1,169,772,763,1610,14.2,0.7
1,0.0,183.7,684,53.3,143,111,96,1000,9.1,0.6
1,0.0,107.8,747,55.4,164,473,460,1331,14.2,0.6
1,0.0,55.0,783,56.6,166,1513,1498,1948,14.5,0.8
1,0.0,128.5,793,54.8,170,375,371,1331,14.8,0.6
1,0.0,204.2,701,50.2,163,75,49,1000,6.6,0.6
1,0.0,160.6,660,49.7,156,87,28,1000,5.4,0.6
1,0.0,90.6,735,56.8,150,712,695,1464,14.7,0.7
1,0.0,66.5,765,56.9,161,1214,651,1771,14.2,0.7
1,0.0,129.5,755,56.7,160,304,281,1210,14.3,0.6
1,0.0,129.7,777,54.4,165,351,345,1210,15.1,0.6
1,0.0,62.6,750,57.2,160,1245,1231,1771,15.2,0.8
1,0.0,185.7,751,46.2,162,53,37,1000,4.1,0.6
1,0.0,207.3,743,46.0,166,31,13,1000,1.4,0.5
1,0.0,62.9,795,57.1,170,1378,1372,1948,14.0,0.8
1,0.0,53.7,779,57.0,169,1677,1649,1948,15.9,0.8
1,0.0,67.5,796,57.2,168,1226,1211,1771,13.7,0.8
1,0.0,108.9,777,55.5,168,504,501,1331,14.8,0.7
1,0.0,71.4,798,57.1,169,1603,1594,1948,12.5,0.8
1,0.0,78.1,751,56.6,167,941,939,1610,16.6,0.7
1,0.0,135.1,760,55.5,167,302,289,1210,15.5,0.6
1,0.0,114.4,765,55.4,166,354,340,1210,13.9,0.6
1,0.0,108.6,756,54.8,164,429,411,1331,14.1,0.6
1,0.0,189.6,742,48.4,164,72,57,1000,6.6,0.6
1,0.0,98.9,797,55.0,169,594,590,1464,14.7,0.7
1,0.0,183.8,774,48.8,166,105,100,1100,8.6,0.6
1,0.0,110.1,776,56.2,168,499,496,1331,15.3,0.6
1,0.0,86.9,773,56.8,174,841,841,1610,15.7,0.7
1,0.0,115.5,780,56.7,166,372,364,1331,15.0,0.6
1,0.0,164.8,757,50.1,163,111,105,1100,9.1,0.6
1,0.0,139.7,768,54.6,167,235,234,1210,14.2,0.6
1,0.0,49.8,766,57.2,167,2316,2295,2356,11.4,0.9
1,0.0,72.1,769,57.2,169,1224,1212,1771,16.6,0.8
1,0.0,49.9,776,57.2,168,2084,2072,2142,15.1,1.0
1,0.0,50.6,733,56.3,163,1683,1622,1948,15.4,0.8
1,0.0,53.9,819,57.0,165,2000,1979,2142,13.5,1.0
1,0.0,52.8,776,56.5,160,1688,1677,1948,14.2,0.8
1,0.0,45.3,776,57.0,165,2386,1195,2356,15.1,0.8
1,0.0,77.7,784,56.5,165,819,804,1610,15.3,0.7
1,0.0,96.0,789,56.3,169,561,553,1464,15.3,0.6
1,0.0,103.1,779,57.0,162,537,512,1331,14.5,0.7
1,0.0,39.4,797,57.2,169,3310,2110,2591,16.9,0.9
1,0.0,96.0,727,57.0,136,593,588,1464,15.1,0.6
1,0.0,112.9,770,56.1,164,359,352,1210,13.9,0.6
1,0.0,30.1,804,57.2,169,6428,2072,3792,13.9,0.9
1,0.0,95.6,789,56.3,164,595,583,1464,13.8,0.7
1,0.0,188.2,787,44.0,163,68,65,1000,5.3,0.6
1,0.0,64.9,796,56.3,163,1285,1277,1771,14.4,0.7
1,0.0,105.7,782,54.7,165,410,392,1331,13.2,0.6
1,0.0,103.2,743,55.9,161,430,393,1331,15.4,0.6
1,0.0,36.4,769,57.2,166,4343,1723,3135,15.6,0.9
1,0.0,124.3,786,52.9,167,316,312,1210,14.4,0.6
1,0.0,195.3,791,47.9,164,45,45,1000,5.2,0.6
1,0.0,98.2,720,57.2,156,633,592,1464,17.1,0.6
1,0.0,71.9,787,56.5,167,981,972,1610,15.0,0.7
1,0.0,66.7,743,57.2,164,967,950,1610,14.1,0.7
1,0.0,116.8,763,54.5,167,402,387,1331,15.4,0.6
1,0.0,104.8,797,56.4,170,585,573,1464,14.2,0.7
1,0.0,58.3,732,57.0,160,1590,921,1948,14.1,0.7
1,0.0,206.0,759,45.0,161,110,88,1000,7.6,0.6
1,0.0,117.2,747,55.2,166,455,434,1331,15.2,0.6
1,0.0,54.6,772,56.6,167,1697,1682,2142,14.6,0.9
1,0.0,81.9,786,56.9,166,893,880,1610,15.7,0.7
1,0.0,100.3,721,55.3,166,439,413,1331,13.4,0.6
1,0.0,163.5,676,52.5,165,141,102,1100,10.2,0.6
1,0.0,187.2,693,51.2,158,124,94,1000,10.2,0.6
1,0.0,86.9,760,56.2,165,712,684,1464,16.3,0.7
1,0.0,147.9,725,53.4,154,191,175,1100,12.2,0.6
1,0.0,73.0,686,56.8,168,846,822,1610,15.2,0.7
1,0.0,135.7,753,54.8,169,244,239,1210,14.5,0.6
1,0.0,111.7,784,54.4,166,426,409,1331,13.8,0.6
1,0.0,121.5,754,56.4,166,485,463,1331,15.2,0.6
1,0.0,37.2,773,57.2,168,4117,1490,2850,15.4,0.8
1,0.0,81.0,761,55.9,167,864,850,1610,15.3,0.7
1,0.0,139.5,726,50.6,153,206,204,1100,14.2,0.6
1,0.0,80.1,774,57.0,163,787,777,1610,14.5,0.7
1,0.0,97.2,741,55.6,163,597,572,1464,15.6,0.7
1,0.0,41.7,781,57.2,167,2614,1404,2356,15.8,0.8
1,0.0,34.3,775,57.2,168,3213,2016,2591,16.9,0.9
1,0.0,34.6,819,57.2,168,4080,1442,2850,13.7,0.8
1,0.0,40.1,803,57.2,171,3551,2329,2850,15.7,1.1
1,0.0,44.4,799,57.2,165,2515,1301,2356,13.3,0.8
1,0.0,67.9,813,57.0,167,1062,1052,1771,13.1,0.8
1,0.0,68.1,724,57.0,166,1042,1008,1771,14.7,0.7
1,0.0,62.7,802,57.2,168,1433,1425,1948,14.2,0.8
1,0.0,87.3,748,57.0,167,739,723,1464,15.8,0.7
1,0.0,77.9,755,56.6,162,773,741,1610,15.3,0.7
1,0.0,40.6,778,57.2,160,2761,1468,2591,14.0,0.8
1,0.0,109.3,790,53.2,167,245,222,1210,13.7,0.6
1,0.0,57.0,798,57.2,165,1358,1333,1948,13.6,0.8
1,0.0,30.9,780,57.2,165,4837,2181,3135,15.1,0.9
1,0.0,53.2,772,57.0,166,1693,1686,1948,14.4,0.8
1,0.0,57.8,799,57.0,167,1797,1770,2142,15.7,0.9
1,0.0,64.9,789,56.6,166,1117,1091,1771,14.9,0.8
1,0.0,42.2,777,57.2,167,2628,1438,2356,16.9,0.8
1,0.0,52.2,800,57.2,168,2106,2095,2142,15.3,1.1
1,0.0,115.8,776,53.0,162,360,350,1210,15.3,0.6
1,0.0,36.5,801,57.2,163,3572,2370,2850,14.1,1.0
1,0.0,65.8,775,56.6,165,934,926,1610,14.6,0.7
1,0.0,53.5,783,57.2,164,1557,1531,1948,14.8,0.8
1,0.0,50.5,796,57.0,163,2128,2121,2142,13.0,1.0
1,0.0,67.4,771,57.2,160,1018,1011,1771,15.9,0.8
1,0.0,53.2,786,56.8,165,1687,1668,1948,14.1,0.9
1,0.0,53.5,745,57.2,161,1564,795,1948,14.5,0.7
1,0.0,76.4,792,55.1,163,857,851,1610,15.0,0.7
1,0.0,141.2,702,54.5,162,210,187,1100,14.1,0.6
1,0.0,80.7,732,57.0,161,754,731,1464,16.0,0.7
1,0.0,89.6,768,57.2,168,732,724,1464,16.3,0.7
1,0.0,123.4,723,56.2,160,220,178,1100,13.7,0.6
1,0.0,91.6,768,55.4,167,551,547,1464,14.7,0.6
1,0.0,86.3,784,56.6,167,696,692,1464,13.4,0.7
1,0.0,127.8,785,53.5,168,224,216,1100,12.7,0.6
1,0.0,61.0,749,57.2,162,1518,889,1948,16.2,0.7
1,0.0,43.7,785,57.2,169,2365,2357,2356,15.5,1.0
1,0.0,68.0,750,56.0,164,972,955,1610,13.6,0.7
1,0.0,158.2,735,54.7,160,144,119,1100,9.7,0.6
1,0.0,33.9,765,57.2,169,4200,1574,3135,14.3,0.8
1,0.0,49.4,800,57.2,166,1487,1482,1948,13.1,0.8
1,0.0,97.4,765,55.8,168,519,505,1331,16.2,0.6
1,0.0,102.0,819,54.2,171,516,514,1331,13.5,0.7
1,0.0,108.3,790,55.7,167,459,446,1331,13.9,0.6
1,0.0,96.9,780,57.0,164,621,614,1464,14.7,0.7
1,0.0,32.1,797,57.2,163,5039,2413,3135,13.5,1.0
1,0.0,70.6,757,57.2,170,761,740,1610,14.5,0.7
1,0.0,65.2,768,57.2,166,1180,1165,1771,14.9,0.8
1,0.0,86.1,763,57.0,164,764,735,1464,15.5,0.7
1,0.0,59.7,759,56.7,165,1492,1451,1948,16.0,0.8
1,0.0,61.8,770,57.2,167,1390,1372,1948,16.2,0.8
1,0.0,31.4,808,57.0,167,5376,2757,3448,15.0,1.1
1,0.0,67.1,747,56.4,171,1090,1069,1771,15.7,0.7
1,0.0,64.8,766,57.2,167,1177,1166,1771,17.2,0.8
1,0.0,158.3,727,55.0,152,153,140,1100,11.5,0.6
1,0.0,58.5,768,57.2,169,1546,1535,1948,15.6,0.8
1,0.0,35.9,769,57.2,171,3107,1906,2591,13.8,0.9
1,0.0,91.6,755,57.0,168,582,577,1464,14.4,0.6
1,0.0,40.6,799,57.0,168,3163,1972,2591,15.5,0.9
1,0.0,76.6,758,56.5,169,920,900,1610,15.4,0.7
1,0.0,61.3,779,57.2,165,1242,1206,1771,14.8,0.8
1,0.0,92.4,804,55.3,166,588,572,1464,14.2,0.7
1,0.0,101.6,776,56.3,167,514,498,1331,15.6,0.6
1,0.0,193.3,775,47.0,171,36,31,1000,3.5,0.5
1,0.0,44.4,777,57.2,172,2369,2362,2356,15.4,1.0
1,0.0,60.7,751,57.2,169,1232,1217,1771,17.2,0.8
1,0.0,40.9,792,57.2,169,2179,2164,2356,16.4,1.0
1,0.0,79.2,791,56.8,160,837,827,1610,14.7,0.7
1,0.0,110.5,748,56.6,163,392,374,1331,16.1,0.6
1,0.0,184.2,748,46.6,166,100,94,1000,8.1,0.6
1,0.0,64.6,742,56.8,162,1135,1098,1771,16.5,0.8
1,0.0,46.1,803,57.2,169,3173,1988,2591,15.0,1.0
1,0.0,35.3,775,57.2,167,3654,2447,2850,14.2,1.0
1,0.0,45.7,773,57.2,165,2209,2199,2356,14.0,1.0
1,0.0,57.1,811,56.8,165,1458,1443,1948,14.5,0.8
1,0.0,42.3,790,57.2,169,2986,1790,2591,14.8,0.9
1,0.0,124.5,786,52.8,172,317,301,1210,13.2,0.6
1,0.0,45.9,803,57.2,168,2163,2162,2356,14.5,1.0
1,0.0,29.1,779,57.2,165,5756,3133,3448,14.6,1.1
1,0.0,79.8,758,56.7,166,755,752,1464,15.9,0.7
1,0.0,20.8,807,57.2,167,20561,3333,6105,14.0,1.1
1,0.0,204.9,785,48.9,168,45,39,1000,5.1,0.6
1,0.0,41.6,759,57.0,163,2488,771,2356,14.9,0.7
1,0.0,144.7,732,54.5,165,194,179,1100,11.7,0.6
1,0.0,142.5,718,52.3,152,199,184,1100,11.3,0.6
1,0.0,53.5,811,56.7,167,1869,1866,2142,13.6,0.9
1,0.0,58.2,786,57.2,165,1504,1491,1948,15.5,0.8
1,0.0,46.5,747,57.0,154,2028,1000,2142,14.3,0.7
1,0.0,95.1,766,57.0,165,525,516,1331,14.8,0.7
1,0.0,38.8,812,57.2,171,3107,1898,2591,14.7,0.9
1,0.0,85.9,745,56.9,161,660,637,1464,16.8,0.7
1,0.0,75.6,775,56.6,164,870,860,1610,13.3,0.7
1,0.0,88.9,747,56.0,162,655,654,1464,14.7,0.7
1,0.0,123.3,646,56.5,164,297,274,1210,13.0,0.6
1,0.0,43.5,778,57.2,165,2264,2231,2356,15.0,1.0
1,0.0,53.5,776,56.6,167,1597,1581,1948,15.1,0.8
1,0.0,80.1,781,57.0,165,837,817,1610,12.8,0.7
1,0.0,39.7,765,57.2,163,2692,1493,2591,14.2,0.8
1,0.0,23.4,780,57.2,165,10899,4441,4588,13.9,1.4
1,0.0,73.1,770,57.2,158,985,969,1610,13.5,0.7
1,0.0,78.9,762,56.7,168,790,789,1610,17.3,0.7
1,0.0,161.6,612,50.7,108,69,39,1000,3.7,0.5
1,0.0,113.0,795,55.7,163,474,473,1331,14.4,0.6
1,0.0,37.2,721,57.2,163,2964,1104,2591,16.7,0.8
1,0.0,106.1,748,55.0,168,466,460,1331,15.5,0.6
1,0.0,157.4,783,52.2,169,166,160,1100,10.7,0.6
1,0.0,33.3,797,57.2,168,5983,3365,3448,13.1,1.2
1,0.0,150.9,780,53.9,163,184,167,1100,11.3,0.6
1,0.0,163.3,716,53.3,148,137,103,1100,8.9,0.6
1,0.0,65.2,799,56.1,168,1185,1165,1771,15.9,0.8
1,0.0,183.8,767,45.8,167,98,87,1000,7.4,0.6
1,0.0,45.5,793,57.1,170,2371,2366,2356,14.9,1.0
1,0.0,113.9,749,56.0,167,352,342,1210,15.1,0.6
1,0.0,132.2,760,55.7,167,237,231,1210,13.6,0.6
1,0.0,38.5,790,57.2,165,3037,1834,2591,15.4,0.9
1,0.0,53.1,755,57.2,166,1743,1735,2142,11.5,0.9
1,0.0,28.8,733,57.2,165,5114,2364,3448,15.5,0.9
1,0.0,76.9,778,56.8,164,986,975,1610,15.4,0.7
1,0.0,76.0,761,57.2,158,909,897,1610,15.2,0.7
1,0.0,56.2,782,57.2,163,1335,1299,1948,14.8,0.8
1,0.0,133.4,769,52.1,168,289,284,1210,13.6,0.6
1,0.0,97.2,776,55.6,164,583,579,1464,13.7,0.7
1,0.0,89.7,710,57.0,165,657,633,1464,15.7,0.7
1,0.0,91.3,737,57.2,168,640,636,1464,13.0,0.7
1,0.0,39.5,780,57.2,164,4422,1798,3135,15.9,0.9
1,0.0,75.1,752,56.8,166,854,832,1610,15.4,0.7
1,0.0,109.3,801,54.5,168,445,437,1331,14.9,0.6
1,0.0,190.0,763,53.6,160,91,90,1000,8.0,0.6
1,0.0,54.7,784,57.0,169,1618,1598,1948,14.7,0.9
1,0.0,40.8,783,57.2,164,2704,1482,2356,15.2,0.8
1,0.0,103.8,757,56.0,168,440,439,1331,16.2,0.6
1,0.0,124.7,759,55.5,162,312,306,1210,14.5,0.6
1,0.0,92.2,780,56.7,171,668,664,1464,14.7,0.7
1,0.0,57.8,778,57.2,166,1700,1682,2142,15.7,0.9
1,0.0,117.2,771,55.5,168,385,359,1210,14.6,0.6
1,0.0,51.0,765,57.1,166,2404,1211,2356,12.9,0.8
1,0.0,45.6,743,57.2,161,2450,683,2356,15.1,0.7
1,0.0,98.8,769,56.0,165,508,496,1331,15.4,0.6
1,0.0,32.9,805,57.2,168,4727,2095,3135,15.0,0.9
1,0.0,77.1,769,56.2,168,791,781,1610,16.0,0.7
1,0.0,59.4,717,57.2,164,1148,1115,1771,14.5,0.7
1,0.0,55.4,765,57.1,167,1591,1571,1948,14.1,0.8
1,0.0,68.7,804,56.8,166,1157,1152,1771,14.9,0.8
1,0.0,67.4,780,56.6,165,944,930,1610,15.2,0.7
1,0.0,54.9,780,56.6,165,1539,1532,1948,14.8,0.8
1,0.0,88.8,761,57.2,167,690,675,1464,16.1,0.7
1,0.0,84.7,799,56.3,163,667,661,1464,13.7,0.7
1,0.0,123.5,809,55.0,164,285,276,1210,12.2,0.6
1,0.0,54.0,787,56.8,164,1766,1741,2142,14.9,0.9
1,0.0,30.4,697,57.2,152,5405,1021,3448,14.7,0.8
1,0.0,154.4,778,54.1,164,161,154,1100,11.4,0.6
1,0.0,47.4,766,56.9,166,1752,1740,2142,15.4,0.9
1,0.0,146.0,766,55.0,167,185,181,1100,12.5,0.6
1,0.0,57.9,802,57.2,168,1602,1594,1948,14.7,0.9
1,0.0,77.7,771,56.6,164,814,788,1610,15.2,0.7
1,0.0,55.4,765,57.2,168,1880,1874,2142,14.6,0.9
1,0.0,64.1,801,56.5,169,1393,1383,1948,14.8,0.8
1,0.0,49.6,773,57.2,164,2184,2170,2356,14.7,1.0
1,0.0,85.8,801,55.9,162,749,748,1464,13.2,0.7
1,0.0,84.8,781,56.5,159,746,724,1464,14.2,0.7
1,0.0,49.1,773,57.2,166,2140,2127,2142,14.0,1.0
1,0.0,85.0,791,56.8,162,682,674,1464,14.1,0.7
1,0.0,72.1,764,55.9,162,740,717,1464,13.9,0.7
1,0.0,63.2,762,57.0,164,1463,1456,1948,15.6,0.8
1,0.0,86.8,790,55.3,168,687,656,1464,14.9,0.7
1,0.0,57.8,770,57.2,166,1508,1415,1948,15.1,0.8
1,0.0,110.6,745,55.4,158,427,407,1331,15.6,0.6
1,0.0,130.2,748,55.7,167,263,256,1210,14.0,0.6
1,0.0,77.4,780,57.0,167,916,905,1610,14.6,0.7
1,0.0,65.3,753,57.0,170,1119,1108,1771,15.1,0.7
1,0.0,43.8,765,57.2,165,2018,1980,2142,15.0,0.9
1,0.0,37.7,783,57.2,167,3470,2264,2850,15.6,1.0
1,0.0,136.1,714,54.7,160,251,217,1100,14.8,0.6
1,0.0,40.1,811,57.2,166,3073,1863,2591,14.1,0.9
1,0.0,46.8,761,57.2,162,2163,2154,2356,16.5,1.0
1,0.0,121.6,746,56.8,167,336,316,1210,14.1,0.6
1,0.0,57.3,764,57.2,162,1527,1518,1948,15.0,0.9
1,0.0,80.5,774,56.8,164,784,774,1610,16.0,0.7
1,0.0,159.0,657,52.0,162,128,95,1100,10.4,0.6
1,0.0,79.0,755,57.1,165,876,865,1610,15.2,0.7
1,0.0,48.6,734,57.2,165,2053,832,2142,17.7,0.7
1,0.0,90.0,803,56.4,168,685,674,1464,13.9,0.7
1,0.0,77.2,768,57.1,166,930,926,1610,14.4,0.7
1,0.0,88.7,763,57.0,165,775,760,1610,16.0,0.7
1,0.0,194.9,735,52.1,163,66,58,1000,6.6,0.6
1,0.0,58.7,806,57.0,167,1428,1421,1948,14.3,0.8
1,0.0,71.1,744,57.0,165,1077,1057,1771,16.8,0.7
1,0.0,148.8,726,53.4,145,175,165,1100,10.0,0.6
1,0.0,73.0,798,57.0,170,1055,1043,1771,14.5,0.7
1,0.0,65.0,766,57.0,167,1263,1241,1771,15.4,0.8
1,0.0,86.3,739,57.1,169,673,651,1464,15.2,0.7
1,0.0,37.7,410,57.2,165,3094,1156,2591,15.3,0.8
1,0.0,91.3,749,56.4,163,718,695,1464,15.7,0.6
1,0.0,84.8,752,57.2,167,648,643,1464,15.8,0.7
1,0.0,59.3,803,57.2,169,1780,1774,2142,13.9,0.9
1,0.0,141.0,759,51.6,170,208,195,1100,12.4,0.6
1,0.0,98.0,807,55.8,169,553,545,1464,13.5,0.7
1,0.0,186.7,751,51.7,165,98,69,1000,7.9,0.6
1,0.0,36.4,775,57.2,165,3971,2769,2850,15.3,1.1
1,0.0,106.9,767,55.2,160,457,444,1331,14.9,0.6
1,0.0,123.5,720,53.4,137,281,271,1210,12.3,0.6
1,0.0,80.9,763,56.5,166,854,836,1610,17.2,0.7
1,0.0,69.5,768,57.1,170,1094,1090,1771,15.6,0.7
1,0.0,58.8,750,57.0,161,1594,1523,1948,15.5,0.8
1,0.0,146.9,759,53.9,169,186,184,1100,12.9,0.6
1,0.0,154.2,670,55.6,163,177,134,1100,12.5,0.6
1,0.0,33.8,799,57.2,169,4539,1914,3135,13.4,0.9
1,0.0,84.4,742,56.9,163,704,683,1464,17.3,0.7
1,0.0,56.5,785,57.2,171,1633,1631,1948,16.3,0.9
1,0.0,61.2,758,57.2,162,1184,1169,1771,15.1,0.7
1,0.0,162.8,708,55.1,156,132,103,1100,10.8,0.6
1,0.0,70.3,817,56.6,165,1293,1287,1771,14.1,0.8
1,0.0,113.2,766,55.5,165,464,451,1331,14.9,0.6
1,0.0,68.4,760,56.0,160,1087,1055,1771,15.9,0.7
1,0.0,51.6,791,56.6,170,1675,1666,1948,15.5,0.9
1,0.0,64.9,814,57.0,165,1604,1597,1948,13.7,0.9
1,0.0,124.3,774,56.8,164,363,356,1210,14.5,0.6
1,0.0,166.0,727,49.8,162,114,104,1100,10.8,0.6
1,0.0,79.3,774,56.8,167,900,887,1610,15.0,0.7
1,0.0,125.6,774,53.1,166,357,346,1210,13.5,0.6
1,0.0,86.1,760,57.0,162,822,815,1610,15.0,0.7
1,0.0,95.5,773,56.1,167,624,608,1464,14.0,0.6
1,0.0,60.2,752,57.1,159,1203,923,1771,13.8,0.7
1,0.0,97.3,792,54.5,162,622,614,1464,14.0,0.6
1,0.0,126.0,717,55.5,141,274,262,1210,12.3,0.6
1,0.0,190.4,780,51.1,164,82,78,1000,7.5,0.6
1,0.0,88.4,735,56.3,164,651,643,1464,15.6,0.7
1,0.0,53.1,811,55.8,166,1738,1725,2142,12.8,0.8
1,0.0,94.1,780,55.8,164,629,614,1464,15.2,0.7
1,0.0,129.3,743,54.6,155,273,243,1210,13.2,0.6
1,0.0,123.9,770,55.1,160,281,276,1210,13.6,0.6
1,0.0,40.9,809,57.2,166,3247,2044,2591,14.4,0.9
1,0.0,38.4,790,57.0,162,2988,1789,2591,14.6,0.9
1,0.0,34.0,793,57.2,168,4469,1841,3135,14.6,0.9
1,0.0,69.5,764,56.8,167,1177,1174,1771,14.7,0.7
1,0.0,81.8,773,56.3,162,766,750,1464,15.3,0.7
1,0.0,27.0,803,57.2,167,9981,3534,4588,14.6,1.2
1,0.0,145.4,701,56.8,156,196,165,1100,13.0,0.6
1,0.0,155.5,749,54.8,159,184,157,1100,11.6,0.6
1,0.0,93.5,762,56.4,167,545,532,1331,15.8,0.6
1,0.0,132.1,772,52.9,165,259,251,1210,12.7,0.6
1,0.0,123.0,719,55.3,145,354,337,1210,14.6,0.6
1,0.0,100.1,756,55.2,168,559,550,1464,14.1,0.6
1,0.0,62.4,769,56.6,166,1345,1315,1948,15.4,0.8
1,0.0,56.2,410,57.2,0,1681,0,1948,17.3,0.6
1,0.0,61.4,759,57.2,168,1285,1282,1771,16.0,0.8
1,0.0,145.8,762,54.1,168,197,196,1100,12.3,0.6
1,0.0,66.3,770,57.2,162,1273,1263,1771,14.8,0.8
1,0.0,188.0,730,50.1,158,115,82,1000,9.7,0.6
1,0.0,149.2,778,54.1,164,192,188,1100,9.8,0.6
1,0.0,36.8,699,57.0,162,3341,2095,2591,12.9,0.9
1,0.0,205.5,410,57.2,0,52,0,1000,0.0,0.5
1,0.0,57.7,747,57.2,160,1219,1188,1771,15.0,0.7
1,0.0,128.6,755,53.1,162,140,116,1100,10.1,0.6
1,0.0,45.2,785,57.2,164,2714,1498,2591,13.5,0.8
1,0.0,111.1,791,56.2,163,454,447,1331,13.2,0.6
1,0.0,151.9,794,46.8,169,184,170,1100,11.1,0.6
1,0.0,70.2,742,56.1,166,998,976,1610,13.7,0.7
1,0.0,48.2,794,56.9,170,2008,1994,2142,15.2,0.9
1,0.0,42.2,769,57.2,168,2863,1671,2591,15.6,0.8
1,0.0,192.3,691,50.1,142,49,18,1000,1.9,0.5
1,0.0,47.1,779,57.2,165,2207,2197,2356,15.7,1.0
1,0.0,59.0,792,56.8,163,1480,1459,1948,13.8,0.8
1,0.0,95.0,717,57.2,164,677,650,1464,16.5,0.6
1,0.0,90.6,748,56.4,164,705,689,1464,15.2,0.7
1,0.0,140.5,747,55.5,161,230,213,1100,13.4,0.6
1,0.0,29.7,762,57.2,168,5927,3297,3448,12.6,1.1
1,0.0,116.8,719,56.6,165,383,367,1331,15.5,0.6
1,0.0,82.5,760,57.1,163,741,726,1464,15.1,0.7
1,0.0,70.8,789,56.8,164,1153,1139,1771,14.6,0.7
1,0.0,60.6,788,57.2,171,1562,1549,1948,15.4,0.8
1,0.0,83.1,755,57.0,163,688,665,1464,17.0,0.7
1,0.0,52.7,773,57.2,167,2121,2116,2142,12.4,1.0
1,0.0,102.2,770,56.8,166,505,476,1331,15.2,0.6
1,0.0,81.7,771,56.8,165,867,854,1610,14.1,0.7
1,0.0,56.7,795,57.2,172,1591,1584,1948,15.6,0.9
1,0.0,63.5,770,57.0,166,1456,1434,1948,14.0,0.8
1,0.0,89.1,770,56.4,168,694,680,1464,14.5,0.7
1,0.0,82.6,780,56.8,163,714,685,1464,14.0,0.7
1,0.0,34.9,770,57.2,158,3152,1839,2591,16.2,0.9
1,0.0,43.9,759,57.2,160,2951,1763,2591,12.8,0.9
1,0.0,68.3,769,56.7,157,1224,1211,1771,15.9,0.8
1,0.0,149.8,742,53.2,151,156,134,1100,9.9,0.6
1,0.0,48.0,775,57.2,165,2195,2189,2356,14.9,1.0
1,0.0,62.0,778,57.0,167,1181,1173,1771,14.9,0.8
1,0.0,96.1,755,55.3,167,521,503,1331,15.1,0.7
1,0.0,82.1,776,56.2,166,918,904,1610,14.3,0.7
1,0.0,59.8,755,57.0,171,1230,1195,1771,14.6,0.8
1,0.0,70.5,752,56.9,167,1220,1214,1771,16.3,0.8
1,0.0,193.6,748,50.6,168,67,59,1000,7.0,0.6
1,0.0,74.2,771,56.0,166,1024,1011,1771,14.9,0.7
1,0.0,123.3,749,55.0,169,332,324,1210,15.2,0.6
1,0.0,164.7,774,51.6,167,159,155,1100,12.3,0.6
1,0.0,53.5,770,57.2,167,1755,1747,2142,14.3,0.9
1,0.0,114.8,765,55.4,168,434,434,1331,15.3,0.6
1,0.0,157.4,737,55.0,169,193,164,1100,14.1,0.6
1,0.0,55.0,755,57.0,162,1726,1717,2142,14.6,0.8
1,0.0,48.3,763,57.2,162,2358,2336,2356,15.0,1.0
1,0.0,128.9,774,53.5,167,395,388,1331,14.8,0.6
1,0.0,44.1,763,57.2,167,2990,1140,2591,15.8,0.8
1,0.0,89.6,799,54.8,161,668,662,1464,12.9,0.7
1,0.0,190.2,694,53.7,157,114,62,1000,6.7,0.6
1,0.0,54.1,775,57.0,161,1771,1753,2142,13.5,0.9
1,0.0,147.1,756,53.3,160,196,192,1100,11.9,0.6
1,0.0,78.5,793,56.7,168,827,809,1610,14.6,0.7
1,0.0,54.8,749,57.2,164,1800,1783,2142,15.5,0.9
1,0.0,63.3,784,57.0,166,1633,1629,1948,15.5,0.9
1,0.0,48.1,754,57.0,169,2171,1125,2356,16.0,0.8
1,0.0,58.2,705,57.0,166,1485,1457,1948,15.0,0.8
1,0.0,107.9,749,54.2,162,453,427,1331,14.2,0.6
1,0.0,120.6,773,55.8,167,398,382,1331,14.7,0.6
1,0.0,127.1,804,55.9,169,339,336,1210,14.3,0.6
1,0.0,105.7,788,55.7,170,568,566,1464,16.7,0.7
1,0.0,188.9,767,53.1,169,89,84,1000,7.2,0.6
1,0.0,103.9,768,56.8,161,543,537,1331,15.1,0.7
1,0.0,148.3,782,49.5,169,249,248,1210,12.0,0.6
1,0.0,52.5,771,57.2,173,2142,2137,2142,15.8,1.0
1,0.0,90.8,765,56.4,167,770,752,1610,14.5,0.7
1,0.0,89.1,768,56.3,169,674,659,1464,14.6,0.7
1,0.0,202.3,770,41.8,162,34,28,1000,3.2,0.5
1,0.0,71.6,730,57.0,166,1240,741,1771,17.4,0.7
1,0.0,148.3,753,54.4,170,189,181,1100,12.0,0.6
1,0.0,41.0,765,57.2,161,2748,1492,2591,15.9,0.8
1,0.0,45.3,766,57.2,156,2742,1528,2591,14.0,0.8
1,0.0,62.9,753,57.2,164,1372,1365,1948,16.5,0.8
1,0.0,128.8,771,53.8,167,203,185,1100,12.1,0.6
1,0.0,114.1,743,55.4,162,484,452,1331,14.6,0.6
1,0.0,74.8,770,56.4,168,968,968,1610,14.8,0.7
1,0.0,101.5,604,57.2,136,589,529,1331,18.1,0.6
1,0.0,114.5,734,56.3,157,563,552,1464,15.4,0.6
1,0.0,163.5,666,50.8,161,111,64,1000,9.0,0.6
1,0.0,110.1,787,56.6,166,450,447,1331,15.7,0.6
1,0.0,66.6,773,55.7,168,1309,1291,1771,14.5,0.8
1,0.0,77.8,769,56.5,167,973,971,1610,15.3,0.7
1,0.0,205.5,410,57.2,0,120,0,1000,0.0,0.5
1,0.0,43.5,777,57.2,160,2847,1652,2591,14.2,0.8
1,0.0,38.8,769,57.2,164,3207,1228,2591,15.7,0.8
1,0.0,70.9,752,56.8,166,1180,730,1771,15.5,0.7
1,0.0,77.9,788,57.0,167,1011,995,1610,12.9,0.8
1,0.0,73.4,765,56.8,151,990,968,1610,15.0,0.7
1,0.0,150.1,751,53.1,155,101,78,1000,7.3,0.6
1,0.0,90.9,806,56.5,169,846,836,1610,14.5,0.7
1,0.0,100.9,759,56.6,166,516,502,1331,12.5,0.6
1,0.0,105.3,727,57.1,163,466,450,1331,15.7,0.6
1,0.0,136.0,756,53.1,163,224,213,1100,11.8,0.6
1,0.0,194.6,712,50.9,166,75,43,1000,6.0,0.6
1,0.0,175.2,748,52.8,157,119,100,1100,7.8,0.6
1,0.0,163.3,764,50.9,169,141,121,1100,9.8,0.6
1,0.0,78.9,788,57.1,164,997,991,1610,14.3,0.7
1,0.0,74.9,742,57.0,145,998,982,1610,14.6,0.7
1,0.0,53.0,753,57.2,161,1713,1659,1948,15.0,0.8
1,0.0,81.5,784,56.0,165,818,809,1610,14.7,0.7
1,0.0,62.6,766,57.2,167,1424,1402,1948,15.0,0.8
1,0.0,187.8,758,45.9,166,97,94,1000,7.9,0.6
1,0.0,104.7,699,54.4,164,532,503,1331,15.8,0.6
1,0.0,118.2,750,56.5,168,310,293,1210,14.7,0.6
1,0.0,75.1,795,56.6,171,1055,1050,1771,14.0,0.8
1,0.0,79.4,774,56.8,166,866,864,1610,15.3,0.7
1,0.0,86.9,778,55.6,166,627,614,1464,15.0,0.6
1,0.0,93.3,781,55.9,166,608,600,1464,15.7,0.7
1,0.0,55.4,757,57.1,162,1855,1117,2142,15.4,0.7
1,0.0,166.1,771,43.7,167,38,33,1000,3.3,0.5
1,0.0,57.6,768,57.2,169,1720,1711,2142,16.4,0.9
1,0.0,93.3,766,55.4,168,689,672,1464,14.4,0.7
1,0.0,94.0,767,55.9,169,649,643,1464,14.8,0.6
1,0.0,36.8,791,57.2,171,3836,2616,2850,16.0,1.1
1,0.0,198.6,773,28.7,169,12,4,1000,0.5,0.5
1,0.0,50.2,765,57.2,169,2311,2310,2356,14.1,1.0
1,0.0,84.1,768,56.3,157,880,863,1610,15.1,0.7
1,0.0,131.6,775,56.6,166,377,363,1210,15.9,0.6
1,0.0,193.2,757,43.0,171,52,47,1000,4.0,0.6
1,0.0,107.4,780,54.7,168,422,414,1331,14.4,0.6
1,0.0,71.9,752,57.2,166,1021,1016,1771,16.6,0.7
1,0.0,111.5,750,55.8,169,512,483,1331,15.0,0.6
1,0.0,113.0,764,55.5,168,432,409,1331,15.3,0.6
1,0.0,78.3,759,56.7,165,841,816,1610,14.8,0.7
1,0.0,154.4,779,44.6,167,122,106,1100,7.9,0.6
1,0.0,171.1,665,52.2,161,61,7,1000,1.7,0.5
1,0.0,134.5,747,56.1,159,278,262,1210,14.2,0.6
1,0.0,55.3,757,57.1,165,1751,1725,2142,15.2,0.9
1,0.0,173.6,773,50.8,166,126,124,1100,10.1,0.6
1,0.0,76.0,773,57.1,166,970,965,1610,16.4,0.7
1,0.0,114.7,772,55.0,167,387,373,1331,14.6,0.6
1,0.0,76.1,739,56.8,141,1049,1043,1771,14.8,0.7
1,0.0,122.3,727,57.0,157,398,375,1331,16.8,0.6
1,0.0,71.7,778,56.8,167,978,963,1610,14.8,0.7
1,0.0,68.9,783,56.3,170,1050,1042,1771,14.6,0.7
1,0.0,41.2,714,57.2,161,2667,952,2356,16.7,0.7
1,0.0,85.3,651,57.2,156,656,616,1464,15.9,0.6
1,0.0,92.9,751,56.3,160,439,418,1331,15.5,0.6
1,0.0,99.2,757,55.7,166,568,537,1464,14.6,0.6
1,0.0,185.9,722,50.3,155,122,117,1100,10.6,0.6
1,0.0,47.3,788,57.2,172,2518,1331,2356,16.1,0.8
1,0.0,151.4,732,54.6,159,203,190,1100,13.0,0.6
1,0.0,72.7,773,56.6,169,1193,1188,1771,14.0,0.8
1,0.0,82.4,770,56.5,169,865,851,1610,15.5,0.7
1,0.0,201.0,736,49.5,161,103,88,1000,8.8,0.6
1,0.0,150.9,758,54.6,164,242,226,1210,12.8,0.6
1,0.0,60.3,742,57.2,160,1327,684,1948,15.5,0.7
1,0.0,184.8,743,52.6,157,118,93,1000,8.3,0.6
1,0.0,33.9,799,57.2,170,4532,1912,3135,15.6,0.9
1,0.0,103.0,709,56.9,163,504,480,1331,15.6,0.6
1,0.0,60.5,773,56.8,166,1470,1440,1948,14.0,0.8
1,0.0,38.9,767,57.2,170,3376,2160,2850,16.1,0.9
1,0.0,142.2,771,48.5,162,236,232,1210,11.9,0.6
1,0.0,205.5,410,57.2,0,73,0,1000,0.0,0.5
1,0.0,133.0,752,53.7,167,273,241,1210,14.7,0.6
1,0.0,90.6,763,56.2,167,758,752,1610,13.8,0.7
1,0.0,142.9,773,54.3,171,220,204,1100,12.7,0.6
1,0.0,126.5,755,53.5,164,286,279,1210,13.8,0.6
1,0.0,73.1,757,56.8,163,871,859,1610,14.3,0.7
1,0.0,115.3,795,56.3,170,451,451,1331,16.0,0.7
1,0.0,190.1,744,44.8,164,46,39,1000,4.4,0.6
1,0.0,68.3,771,57.2,168,1323,1318,1948,15.9,0.8
1,0.0,57.3,738,57.2,162,1594,1593,1948,13.1,0.8
1,0.0,156.1,734,49.5,166,142,129,1100,10.9,0.6
1,0.0,208.3,754,41.3,164,23,16,1000,2.5,0.5
1,0.0,65.1,792,57.0,170,1664,1647,1948,13.7,0.9
1,0.0,74.8,753,57.2,166,1291,870,1771,14.7,0.7
1,0.0,144.5,700,54.5,141,220,190,1100,12.5,0.6
1,0.0,100.1,602,56.7,164,542,507,1331,15.7,0.6
1,0.0,129.8,743,55.2,161,360,340,1210,14.4,0.6
1,0.0,65.2,737,57.0,162,1452,1436,1948,15.7,0.8
1,0.0,129.5,754,56.4,169,309,301,1210,16.4,0.6
1,0.0,83.6,742,55.4,169,771,760,1610,14.7,0.7
1,0.0,71.0,784,55.5,165,1011,979,1610,12.4,0.7
1,0.0,88.8,762,57.0,168,860,847,1610,13.7,0.7
1,0.0,101.4,752,57.0,167,530,496,1331,15.7,0.7
1,0.0,99.6,761,55.9,166,533,516,1331,13.6,0.6
1,0.0,106.0,775,55.8,165,444,408,1331,14.4,0.6
1,0.0,83.5,793,55.3,162,749,743,1464,13.7,0.7
1,0.0,144.1,766,51.7,161,200,188,1100,12.5,0.6
1,0.0,104.2,767,55.8,154,484,470,1331,14.2,0.6
1,0.0,93.3,749,57.2,161,555,550,1464,16.2,0.6
1,0.0,160.1,719,53.5,165,112,105,1100,9.2,0.6
1,0.0,154.3,739,53.0,158,142,128,1100,10.9,0.6
1,0.0,180.0,705,50.3,132,109,91,1000,5.9,0.6
1,0.0,63.4,783,57.1,163,1365,1351,1948,15.0,0.8
1,0.0,76.8,767,56.0,166,869,850,1610,14.3,0.7
1,0.0,91.6,679,56.6,163,647,600,1464,16.9,0.6
1,0.0,118.1,727,55.1,151,412,369,1331,15.2,0.6
1,0.0,85.7,766,56.3,169,804,791,1610,15.5,0.7
1,0.0,37.6,775,57.2,167,3947,2744,2850,15.1,1.1
1,0.0,44.3,764,57.2,168,2978,1790,2591,15.3,0.9
1,0.0,38.8,775,57.2,165,3008,1818,2591,15.1,0.9
1,0.0,91.2,769,57.0,167,805,789,1610,16.4,0.7
1,0.0,69.5,781,57.2,167,1191,1188,1771,14.5,0.8
1,0.0,138.8,726,53.9,154,232,209,1100,13.0,0.6
1,0.0,154.4,707,52.5,154,156,127,1100,11.8,0.6
1,0.0,81.3,759,57.2,168,849,847,1610,15.7,0.7
1,0.0,73.1,746,57.2,160,1084,1059,1771,17.5,0.8
1,0.0,86.8,723,57.2,164,642,625,1464,15.4,0.7
1,0.0,189.7,756,51.0,168,83,70,1000,6.2,0.6
1,0.0,134.3,755,55.2,163,349,340,1210,16.4,0.6
1,0.0,115.1,755,55.1,158,400,382,1331,14.0,0.6
1,0.0,118.4,747,55.8,165,388,377,1331,16.0,0.6
1,0.0,98.5,790,56.3,165,559,547,1464,13.2,0.6
1,0.0,107.1,787,54.7,165,512,500,1331,14.0,0.6
1,0.0,64.5,711,56.8,164,1290,898,1771,15.2,0.7
1,0.0,60.2,785,57.2,166,1364,1349,1948,15.0,0.8
1,0.0,81.1,749,56.8,166,730,701,1464,14.9,0.7
1,0.0,195.7,777,31.6,165,19,7,1000,1.0,0.5
1,0.0,160.2,792,54.6,164,129,123,1100,11.2,0.6
1,0.0,168.1,758,53.4,169,152,138,1100,11.1,0.6
1,0.0,91.5,760,56.9,160,564,538,1464,13.8,0.6
1,0.0,59.6,789,57.2,164,1523,1518,1948,14.2,0.8
1,0.0,91.3,790,56.8,163,663,661,1464,14.2,0.7
1,0.0,121.0,768,55.1,166,346,343,1210,14.7,0.6
1,0.0,68.8,773,57.2,163,975,968,1610,14.1,0.7
1,0.0,60.2,750,57.2,170,1403,1397,1948,14.7,0.8
1,0.0,31.3,784,57.2,171,5418,2779,3448,16.1,1.0
1,0.0,81.4,787,56.4,164,727,718,1464,14.6,0.7
1,0.0,147.9,741,55.5,167,212,192,1100,13.3,0.6
1,0.0,131.5,782,56.9,169,316,309,1210,13.9,0.6
